internal_7	25.0
internal_10	13.0
internal_15	11.0
internal_42	9.0
internal_66	16.0
internal_94	7.0
internal_99	4.0
internal_104	8.0
internal_60	13.0
CTTCTCTAGGCTAGAC-1	38.0
internal_18	16.0
CAACCTCAGCTCTCGG-1	58.0
GATCTAGAGAAACCCG-1	51.0
internal_103	4.0
internal_91	6.0
internal_61	8.0
CTCGTACAGCGTGAAC-1	29.0
internal_35	8.0
ACGCCAGTCAAGAAAC-1	45.0
ACGGCCAAGATGCGAC-1	24.0
internal_89	5.0
internal_81	5.0
ACGAGGACAGCGCATC-1	47.0
internal_62	6.0
ATTATCCGTTGGCGTC-1	20.0
GCGCAACAGGATCGCA-1	26.0
internal_78	9.0
CACAGTAGTTTGTCTT-1	34.0
internal_67	11.0
CTTCTCTAGCCAACAG-1	93.0
TAGAGCTAGTTAACGA-1	29.0
internal_102	5.0
internal_93	7.0
internal_58	15.0
CGCTGGACAATCCTTT-1	49.0
internal_51	17.0
TCTCTAAGTGGATAGC-1	60.0
internal_13	15.0
AAAGATGTCGTAAGGG-1	63.0
CAACCTCGTGATACCT-1	124.0
internal_70	6.0
ACGTCAAGTGGAAGGG-1	44.0
internal_52	15.0
internal_21	13.0
GAGGTGAGTACAAGGC-1	52.0
internal_11	15.0
CACACCTGTTATGCGT-1	78.0
CAGCATATCAGGACTT-1	80.0
internal_27	5.0
AAACGGGGTGGCAAAC-1	35.0
GTATTCTTCGAAGCGA-1	57.0
internal_101	4.0
internal_71	11.0
CACAGTAGTGGCCACT-1	40.0
internal_24	16.0
GGGAATGAGCTAAGAT-1	48.0
GGGCACTAGTGATCGG-1	51.0
internal_100	5.0
internal_74	8.0
TTCTACAGTCTGCCAG-1	61.0
internal_69	11.0
GTCGGGTTCAATCTTC-1	54.0
internal_50	9.0
AGAGTGGCAGGGAAGG-1	31.0
internal_22	11.0
CAAGATCTCTACGGGC-1	56.0
TCACGAAAGAATGTGT-1	62.0
internal_98	10.0
internal_73	7.0
internal_25	15.0
GGGAATGCAGTTCCGG-1	40.0
internal_8	13.0
CTTAACTGTGTGTTCA-1	21.0
GCTTGAAGTATGCGGA-1	23.0
internal_65	8.0
TAAGAGAAGGTGCAAC-1	43.0
internal_64	12.0
TGGTTAGGTGCTTCCT-1	24.0
internal_48	11.0
CCTCAGTTCATCACTT-1	39.0
GATTCAGGTCAAACTC-1	42.0
internal_96	6.0
internal_85	8.0
CTCGAAACATCAGGGA-1	32.0
internal_63	8.0
CCGGTAGTCATGTGAC-1	43.0
GCTGCGATCCGCTGAG-1	48.0
internal_86	10.0
internal_23	11.0
CAGATCAGTGTCCCTT-1	37.0
GGAATAAGTATACACC-1	41.0
internal_56	15.0
GCATGATAGGTTCCTA-1	35.0
GTCACGGAGTAGGTGC-1	48.0
internal_97	1.0
internal_72	10.0
internal_26	10.0
CTACCCAAGTCATCCA-1	37.0
TCTGGAACAGGTACGA-1	30.0
internal_29	9.0
CGACCTTAGCGCGTCT-1	28.0
TACTTGTAGCAAATCA-1	36.0
internal_95	3.0
internal_80	5.0
internal_68	6.0
ACTGATGGTAAGAGAG-1	30.0
AGACGTTCAGAAGAAG-1	35.0
internal_49	7.0
ACCGTAATCAATAGGA-1	29.0
internal_19	7.0
ATTATCCTCGGTCACG-1	29.0
TTGACTTTCCCGAATA-1	22.0
internal_90	4.0
internal_83	4.0
internal_53	8.0
CACAAACAGTCCCACG-1	22.0
internal_41	8.0
AAACGGGTCGCTAGTA-1	33.0
TACACGAAGCAACGGT-1	30.0
internal_75	5.0
CCCTCCTGTAGAATAC-1	28.0
internal_54	5.0
internal_33	12.0
CGATGGCCATATGTGC-1	26.0
TATTACCTCACACGTA-1	21.0
internal_39	3.0
CGAGCCACAGCTTGAT-1	36.0
TCAGATGTCTACAGTG-1	20.0
internal_88	5.0
internal_47	8.0
ACACCGGAGACAGGCT-1	30.0
GCCAAATTCGCTATTT-1	19.0
internal_84	12.0
CAAGATCTCCCTAAGA-1	23.0
internal_46	15.0
AGCTCTCAGGCCCTCA-1	33.0
TACTTGTGTCAGGTAG-1	45.0
internal_92	6.0
internal_82	1.0
internal_57	11.0
ACCAGTATCCATTTGT-1	36.0
internal_32	10.0
ATTATCCGTCATGCCG-1	28.0
CCGGGATTCTCAGCGG-1	60.0
internal_76	2.0
TTGCCGTGTGTAATGA-1	27.0
internal_45	8.0
internal_30	16.0
CAACTAGCAATCCATG-1	35.0
internal_16	13.0
GTCTCGTAGCAGTAGC-1	80.0
GTGCGGTAGAACTCGG-1	52.0
internal_40	3.0
AACCGCGTCAGATGTC-1	24.0
CGGAGTCTCCACTAAG-1	30.0
internal_87	1.0
internal_77	6.0
internal_28	13.0
GCTGCAGTCCACTTCG-1	45.0
TGGTTAGGTCATCTAG-1	48.0
internal_43	5.0
internal_14	8.0
CAGCTAATCAGCATAC-1	31.0
CGCGTTTAGCACACAG-1	45.0
internal_36	7.0
CTACCCAAGTTGTAGA-1	30.0
GGAAAGCTCTGGTGAT-1	58.0
internal_79	4.0
internal_44	2.0
internal_37	3.0
TCTCTAAAGTCGTGTT-1	20.0
internal_17	4.0
AGACGTTGTACTCGTA-1	17.0
TCAACGAGTGCACTTA-1	28.0
internal_38	8.0
internal_31	6.0
ACTGTCCTCCTCTGCA-1	24.0
CCTCTGAGTAACTAAG-1	32.0
internal_34	5.0
AAGGCAGGTAGTCAAA-1	26.0
TATCAGGCAACATAGA-1	22.0
internal_59	10.0
CATGACAAGCGACGTA-1	24.0
GAGGTGATCTCGAATG-1	32.0
internal_55	9.0
CGCCAAGCAGGTTAAA-1	41.0
GCTGGGTCACGGAGTA-1	37.0
internal_20	9.0
CAGCCGACACCAAAGG-1	52.0
CAGTAACTCAGATTCG-1	49.0
internal_12	6.0
CGACCTTTCCGCACGA-1	44.0
internal_9	10.0
CCTAGCTCACAACTTG-1	23.0
TTGGCAATCTTTCGCG-1	99.0
CGCGGTACATAGGTCT-1	58.0
internal_6	12.0
TGGGCGTCATATCGTG-1	119.0
internal_5	12.0
internal_3	15.0
CCGTTCAAGAAACGCC-1	44.0
internal_1	16.0
CACCTTGGTGAACACG-1	58.0
CGACCTTTCTCCGGAG-1	34.0
internal_4	1.0
AAGTCTGCACAAGGAC-1	42.0
internal_2	4.0
GGCTCGATCAAAGTGA-1	31.0
TCATTACAGCGTAATA-1	12.0
